{
  "all_clients": {
    "local_performances": {
      "0": {
        "loss": 0.47294833569609435,
        "accuracy": 0.9352159468438538
      },
      "1": {
        "loss": 0.8743990921941804,
        "accuracy": 0.87
      },
      "2": {
        "loss": 0.36396867674146277,
        "accuracy": 0.9514824797843666
      },
      "3": {
        "loss": 0.5600424260957867,
        "accuracy": 0.9267139479905437
      },
      "4": {
        "loss": 0.38901450419274625,
        "accuracy": 0.95
      },
      "5": {
        "loss": 0.48775955893143,
        "accuracy": 0.9385155906895037
      },
      "6": {
        "loss": 0.569169043543807,
        "accuracy": 0.9252243270189432
      },
      "7": {
        "loss": 0.4041662332910775,
        "accuracy": 0.9427875836883749
      },
      "8": {
        "loss": 0.8346951308073821,
        "accuracy": 0.9111111111111111
      },
      "9": {
        "loss": 0.47536143624148836,
        "accuracy": 0.9310344827586207
      }
    },
    "global_performance": {
      "loss": 0.6153827404615737,
      "accuracy": 0.9150946957492907
    }
  }
}