{
  "all_clients": {
    "local_performances": {
      "0": {
        "loss": 0.7975896778162401,
        "accuracy": 0.9197930142302717
      },
      "1": {
        "loss": 0.5170424756287151,
        "accuracy": 0.9421965317919075
      },
      "2": {
        "loss": 0.6975292808135946,
        "accuracy": 0.9376146788990826
      },
      "3": {
        "loss": 0.5574371629904487,
        "accuracy": 0.9470198675496688
      },
      "4": {
        "loss": 0.7864712117868475,
        "accuracy": 0.93
      },
      "5": {
        "loss": 1.8313537942411755,
        "accuracy": 0.8309859154929577
      },
      "6": {
        "loss": 1.4552242621828728,
        "accuracy": 0.856670341786108
      },
      "7": {
        "loss": 0.49941897511482014,
        "accuracy": 0.96
      },
      "8": {
        "loss": 1.79721684217453,
        "accuracy": 0.83
      },
      "9": {
        "loss": 0.3098321397777181,
        "accuracy": 0.96
      }
    },
    "global_performance": {
      "loss": 1.102592224809675,
      "accuracy": 0.8959961036276988
    }
  }
}