{
  "all_clients": {
    "local_performances": {
      "0": {
        "loss": 0.04799979872710537,
        "accuracy": 0.99
      },
      "1": {
        "loss": 0.2095432519653145,
        "accuracy": 0.9621621621621622
      },
      "2": {
        "loss": 0.5736197234576638,
        "accuracy": 0.9314516129032258
      },
      "3": {
        "loss": 0.5622331541150288,
        "accuracy": 0.9326573062922517
      },
      "4": {
        "loss": 0.7179871655780413,
        "accuracy": 0.9110417479516192
      },
      "5": {
        "loss": 0.8828584575653076,
        "accuracy": 0.87
      },
      "6": {
        "loss": 0.6281022298318567,
        "accuracy": 0.92
      },
      "7": {
        "loss": 0.5245005924795186,
        "accuracy": 0.9442379182156134
      },
      "8": {
        "loss": 0.43106703279849173,
        "accuracy": 0.95
      },
      "9": {
        "loss": 0.6933811597335033,
        "accuracy": 0.9230769230769231
      }
    },
    "global_performance": {
      "loss": 0.4081913057764481,
      "accuracy": 0.9495068322015197
    }
  }
}